key,sha256,bytes,content_type,fetched_at,origin,source_url
bis/ws-xru/2026/2026-10-02/ws_xru-D.IN.INR.A.csv,2bc55e8029f909048f94aa27d085805878df77ed6aa7c232780905059fae067b,1933972,text/csv,2026-10-02T17:20:07Z,auto,https://stats.bis.org/api/v2/data/dataflow/BIS/WS_XRU/1.0/D.IN.INR.A?format=csv&startPeriod=1973-01-01
bis/ws-xru/2026/2026-10-02/ws_xru-D.IN.INR.A-6d33b05b.csv,6d33b05b8c8a41f4ff14f9cd3d36b50e1f76aa71924737e8fc560eb3fc72194f,6042,text/csv,2026-10-02T17:33:40Z,auto,https://stats.bis.org/api/v2/data/dataflow/BIS/WS_XRU/1.0/D.IN.INR.A?format=csv&startPeriod=2026-08-03
bis/ws-xru/2026/2026-10-03/ws_xru-D.IN.INR.A.csv,89a9b29532ae69683321581dbf19c6b5989f0b8e9143e87673a1531279d1b208,5901,text/csv,2026-10-03T03:38:28Z,auto,https://stats.bis.org/api/v2/data/dataflow/BIS/WS_XRU/1.0/D.IN.INR.A?format=csv&startPeriod=2026-08-04
bis/ws-xru/2026/2026-10-04/ws_xru-D.IN.INR.A.csv,3e459b7c2c4e94eeaae37c2b3ab907987d95e4ed3ecf6b98aea68ad08f8b24a7,5760,text/csv,2026-10-03T19:20:25Z,auto,https://stats.bis.org/api/v2/data/dataflow/BIS/WS_XRU/1.0/D.IN.INR.A?format=csv&startPeriod=2026-08-05
bis/ws-xru/2026/2026-10-05/ws_xru-D.IN.INR.A.csv,243cdb4d9340036141b1c7819cd614f01f44bad593c25d1db8e29c9e92e32d1e,5619,text/csv,2026-10-04T19:44:48Z,auto,https://stats.bis.org/api/v2/data/dataflow/BIS/WS_XRU/1.0/D.IN.INR.A?format=csv&startPeriod=2026-08-06
bis/ws-xru/2026/2026-10-06/ws_xru-D.IN.INR.A.csv,7b5487e514ff9b9cf288b530127d48176fa0c09ab01e85fd53f1ebecd627c472,5478,text/csv,2026-10-05T19:22:13Z,auto,https://stats.bis.org/api/v2/data/dataflow/BIS/WS_XRU/1.0/D.IN.INR.A?format=csv&startPeriod=2026-08-07
bis/ws-xru/2026/2026-10-07/ws_xru-D.IN.INR.A.csv,a3aaac1626e457dea523a8602f706ac89e897bbdf38486ff29346eaeb4be3d17,5337,text/csv,2026-10-07T17:30:36Z,auto,https://stats.bis.org/api/v2/data/dataflow/BIS/WS_XRU/1.0/D.IN.INR.A?format=csv&startPeriod=2026-08-08
bis/ws-xru/2026/2026-10-08/ws_xru-D.IN.INR.A.csv,ce4d70055c9009c08764d044c7c15e96699ca13701a61efdbfed1b1d1439becd,6042,text/csv,2026-10-08T17:29:49Z,auto,https://stats.bis.org/api/v2/data/dataflow/BIS/WS_XRU/1.0/D.IN.INR.A?format=csv&startPeriod=2026-08-09
bis/ws-xru/2026/2026-10-10/ws_xru-D.IN.INR.A.csv,090ccab67854a0fcb8dcbb8e6fbc29fe232ce3e35cd017631ae3ad12b53d20a9,5901,text/csv,2026-10-10T15:56:04Z,auto,https://stats.bis.org/api/v2/data/dataflow/BIS/WS_XRU/1.0/D.IN.INR.A?format=csv&startPeriod=2026-08-11
bis/ws-xru/2026/2026-10-11/ws_xru-D.IN.INR.A.csv,bd726bd253ccb3d29f0fbefb5fd6f8c3b7965a217316304f773ff66c8858aa7a,5760,text/csv,2026-10-10T20:13:51Z,auto,https://stats.bis.org/api/v2/data/dataflow/BIS/WS_XRU/1.0/D.IN.INR.A?format=csv&startPeriod=2026-08-12
